LSOA 2021 Code,LSOA 2021 Name,Total,F50-84,M50-84,MF50-84,F50-84 Percentage of Total LSOA Population,M50-84 Percentage of Total LSOA Population,MF50-84 Percentage of Total LSOA Population
E01015023,Plymouth 003A,1820,349,336,685,19.2,18.5,37.6
E01015024,Plymouth 004A,1295,314,300,614,24.2,23.2,47.4
E01015025,Plymouth 001A,1759,463,438,901,26.3,24.9,51.2
E01015026,Plymouth 003B,1524,265,256,521,17.4,16.8,34.2
E01015027,Plymouth 002A,1713,388,350,738,22.7,20.4,43.1
E01015028,Plymouth 003C,1804,232,248,480,12.9,13.7,26.6
E01015029,Plymouth 008A,2144,318,250,568,14.8,11.7,26.5
E01015030,Plymouth 007A,1684,282,275,557,16.7,16.3,33.1
E01015031,Plymouth 023A,1643,187,234,421,11.4,14.2,25.6
E01015032,Plymouth 023B,1972,148,200,348,7.5,10.1,17.6
E01015033,Plymouth 016A,1620,323,352,675,19.9,21.7,41.7
E01015034,Plymouth 016B,1442,339,321,660,23.5,22.3,45.8
E01015035,Plymouth 012A,1507,337,286,623,22.4,19.0,41.3
E01015036,Plymouth 016C,1629,343,339,682,21.1,20.8,41.9
E01015037,Plymouth 012B,1354,328,265,593,24.2,19.6,43.8
E01015038,Plymouth 016D,1732,357,317,674,20.6,18.3,38.9
E01015039,Plymouth 014A,1114,215,167,382,19.3,15.0,34.3
E01015040,Plymouth 014B,1559,257,225,482,16.5,14.4,30.9
E01015041,Plymouth 014C,1648,237,224,461,14.4,13.6,28.0
E01015042,Plymouth 020A,1474,197,214,411,13.4,14.5,27.9
E01015043,Plymouth 026A,1457,195,219,414,13.4,15.0,28.4
E01015044,Plymouth 020B,1528,263,274,537,17.2,17.9,35.1
E01015045,Plymouth 026B,1555,218,246,464,14.0,15.8,29.8
E01015046,Plymouth 026C,1993,303,290,593,15.2,14.6,29.8
E01015047,Plymouth 026D,2197,418,408,826,19.0,18.6,37.6
E01015048,Plymouth 026E,2547,287,311,598,11.3,12.2,23.5
E01015049,Plymouth 023C,1944,177,196,373,9.1,10.1,19.2
E01015050,Plymouth 023D,2110,137,173,310,6.5,8.2,14.7
E01015051,Plymouth 023E,1952,116,139,255,5.9,7.1,13.1
E01015052,Plymouth 028A,2036,145,189,334,7.1,9.3,16.4
E01015053,Plymouth 027A,1379,77,126,203,5.6,9.1,14.7
E01015054,Plymouth 027B,3234,82,88,170,2.5,2.7,5.3
E01015055,Plymouth 021A,1495,299,278,577,20.0,18.6,38.6
E01015056,Plymouth 021B,1760,407,385,792,23.1,21.9,45.0
E01015057,Plymouth 021C,1714,302,274,576,17.6,16.0,33.6
E01015058,Plymouth 012C,1652,265,220,485,16.0,13.3,29.4
E01015059,Plymouth 021D,1557,281,271,552,18.0,17.4,35.5
E01015060,Plymouth 021E,1599,333,250,583,20.8,15.6,36.5
E01015061,Plymouth 025A,1660,147,177,324,8.9,10.7,19.5
E01015062,Plymouth 025B,2245,181,175,356,8.1,7.8,15.9
E01015063,Plymouth 010A,1478,305,234,539,20.6,15.8,36.5
E01015064,Plymouth 008B,1648,460,419,879,27.9,25.4,53.3
E01015065,Plymouth 008C,1352,307,268,575,22.7,19.8,42.5
E01015066,Plymouth 012D,1321,346,269,615,26.2,20.4,46.6
E01015067,Plymouth 012E,1444,388,349,737,26.9,24.2,51.0
E01015068,Plymouth 010B,1630,342,313,655,21.0,19.2,40.2
E01015069,Plymouth 010C,1524,271,248,519,17.8,16.3,34.1
E01015070,Plymouth 007B,2928,538,493,1031,18.4,16.8,35.2
E01015071,Plymouth 008D,1535,324,273,597,21.1,17.8,38.9
E01015072,Plymouth 013A,1496,278,247,525,18.6,16.5,35.1
E01015073,Plymouth 013B,1546,309,275,584,20.0,17.8,37.8
E01015074,Plymouth 011A,1565,314,288,602,20.1,18.4,38.5
E01015075,Plymouth 014D,1529,294,282,576,19.2,18.4,37.7
E01015076,Plymouth 009A,1400,281,284,565,20.1,20.3,40.4
E01015077,Plymouth 011B,2643,452,353,805,17.1,13.4,30.5
E01015078,Plymouth 013C,1784,309,268,577,17.3,15.0,32.3
E01015079,Plymouth 011C,1807,379,309,688,21.0,17.1,38.1
E01015080,Plymouth 013D,1645,173,132,305,10.5,8.0,18.5
E01015081,Plymouth 007C,1843,304,272,576,16.5,14.8,31.3
E01015082,Plymouth 004B,1695,361,297,658,21.3,17.5,38.8
E01015083,Plymouth 004C,1654,328,324,652,19.8,19.6,39.4
E01015084,Plymouth 004D,1506,330,273,603,21.9,18.1,40.0
E01015085,Plymouth 006A,1660,363,307,670,21.9,18.5,40.4
E01015086,Plymouth 007D,1435,339,273,612,23.6,19.0,42.6
E01015087,Plymouth 006B,1724,294,266,560,17.1,15.4,32.5
E01015088,Plymouth 006C,1653,254,215,469,15.4,13.0,28.4
E01015089,Plymouth 007E,1722,355,306,661,20.6,17.8,38.4
E01015090,Plymouth 005A,1317,341,286,627,25.9,21.7,47.6
E01015091,Plymouth 005B,1417,396,375,771,27.9,26.5,54.4
E01015092,Plymouth 005C,3047,389,308,697,12.8,10.1,22.9
E01015093,Plymouth 005D,1378,377,295,672,27.4,21.4,48.8
E01015094,Plymouth 005E,1575,340,301,641,21.6,19.1,40.7
E01015095,Plymouth 010D,1399,364,294,658,26.0,21.0,47.0
E01015096,Plymouth 010E,1377,373,257,630,27.1,18.7,45.8
E01015097,Plymouth 001B,2356,718,574,1292,30.5,24.4,54.8
E01015098,Plymouth 017A,1697,320,275,595,18.9,16.2,35.1
E01015099,Plymouth 017B,1541,294,255,549,19.1,16.5,35.6
E01015100,Plymouth 017C,1582,247,259,506,15.6,16.4,32.0
E01015101,Plymouth 016E,1600,382,359,741,23.9,22.4,46.3
E01015102,Plymouth 011D,1758,295,317,612,16.8,18.0,34.8
E01015103,Plymouth 017D,1633,264,316,580,16.2,19.4,35.5
E01015104,Plymouth 011E,1572,321,285,606,20.4,18.1,38.5
E01015105,Plymouth 017E,1570,283,256,539,18.0,16.3,34.3
E01015106,Plymouth 013E,1226,282,235,517,23.0,19.2,42.2
E01015107,Plymouth 018A,1837,279,268,547,15.2,14.6,29.8
E01015108,Plymouth 022A,1872,332,276,608,17.7,14.7,32.5
E01015109,Plymouth 022B,1343,309,302,611,23.0,22.5,45.5
E01015110,Plymouth 018B,1526,369,353,722,24.2,23.1,47.3
E01015111,Plymouth 018C,1822,330,269,599,18.1,14.8,32.9
E01015112,Plymouth 019A,1683,308,263,571,18.3,15.6,33.9
E01015113,Plymouth 019B,1446,310,318,628,21.4,22.0,43.4
E01015114,Plymouth 019C,1491,320,332,652,21.5,22.3,43.7
E01015115,Plymouth 022C,1407,356,317,673,25.3,22.5,47.8
E01015116,Plymouth 022D,1469,320,337,657,21.8,22.9,44.7
E01015117,Plymouth 022E,1365,333,301,634,24.4,22.1,46.4
E01015118,Plymouth 019D,1712,388,362,750,22.7,21.1,43.8
E01015119,Plymouth 018D,1637,352,333,685,21.5,20.3,41.8
E01015120,Plymouth 015A,1600,379,344,723,23.7,21.5,45.2
E01015121,Plymouth 015B,1532,352,336,688,23.0,21.9,44.9
E01015122,Plymouth 019E,1681,336,300,636,20.0,17.8,37.8
E01015123,Plymouth 015C,1692,441,387,828,26.1,22.9,48.9
E01015124,Plymouth 015D,1530,383,338,721,25.0,22.1,47.1
E01015125,Plymouth 015E,1509,352,343,695,23.3,22.7,46.1
E01015126,Plymouth 030A,1565,394,348,742,25.2,22.2,47.4
E01015127,Plymouth 030B,1537,377,368,745,24.5,23.9,48.5
E01015128,Plymouth 032A,1597,407,373,780,25.5,23.4,48.8
E01015129,Plymouth 032B,1364,298,247,545,21.8,18.1,40.0
E01015130,Plymouth 032C,1620,309,286,595,19.1,17.7,36.7
E01015131,Plymouth 030C,2622,587,507,1094,22.4,19.3,41.7
E01015132,Plymouth 030D,1511,341,287,628,22.6,19.0,41.6
E01015133,Plymouth 030E,1469,364,321,685,24.8,21.9,46.6
E01015134,Plymouth 032D,1652,355,274,629,21.5,16.6,38.1
E01015136,Plymouth 031B,1524,340,325,665,22.3,21.3,43.6
E01015137,Plymouth 031C,1726,404,375,779,23.4,21.7,45.1
E01015138,Plymouth 031D,1854,470,404,874,25.4,21.8,47.1
E01015139,Plymouth 031E,1406,312,277,589,22.2,19.7,41.9
E01015140,Plymouth 032E,1534,363,317,680,23.7,20.7,44.3
E01015141,Plymouth 031F,1817,473,434,907,26.0,23.9,49.9
E01015142,Plymouth 009B,1464,334,332,666,22.8,22.7,45.5
E01015143,Plymouth 009C,1329,295,270,565,22.2,20.3,42.5
E01015144,Plymouth 009D,1667,302,239,541,18.1,14.3,32.5
E01015145,Plymouth 014E,1310,163,126,289,12.4,9.6,22.1
E01015146,Plymouth 009E,1948,266,242,508,13.7,12.4,26.1
E01015147,Plymouth 006D,1324,282,281,563,21.3,21.2,42.5
E01015148,Plymouth 006E,1533,297,247,544,19.4,16.1,35.5
E01015149,Plymouth 009F,1543,269,232,501,17.4,15.0,32.5
E01015150,Plymouth 009G,1469,335,349,684,22.8,23.8,46.6
E01015151,Plymouth 033A,2191,212,290,502,9.7,13.2,22.9
E01015152,Plymouth 027C,3400,277,279,556,8.1,8.2,16.4
E01015153,Plymouth 033C,1963,301,396,697,15.3,20.2,35.5
E01015155,Plymouth 034A,2049,248,355,603,12.1,17.3,29.4
E01015156,Plymouth 027E,2355,209,282,491,8.9,12.0,20.8
E01015159,Plymouth 002B,1757,399,323,722,22.7,18.4,41.1
E01015160,Plymouth 001C,1506,359,337,696,23.8,22.4,46.2
E01015161,Plymouth 002C,1734,337,250,587,19.4,14.4,33.9
E01015162,Plymouth 002D,1500,309,262,571,20.6,17.5,38.1
E01015163,Plymouth 003D,1650,355,325,680,21.5,19.7,41.2
E01015164,Plymouth 001D,1994,379,275,654,19.0,13.8,32.8
E01015165,Plymouth 003E,1703,293,266,559,17.2,15.6,32.8
E01015166,Plymouth 002E,2291,310,345,655,13.5,15.1,28.6
E01015167,Plymouth 020C,1549,281,308,589,18.1,19.9,38.0
E01015168,Plymouth 020D,1877,321,333,654,17.1,17.7,34.8
E01015169,Plymouth 024A,2010,312,310,622,15.5,15.4,30.9
E01015170,Plymouth 024B,1671,275,309,584,16.5,18.5,34.9
E01015171,Plymouth 020E,1806,322,380,702,17.8,21.0,38.9
E01015172,Plymouth 033B,1850,303,395,698,16.4,21.4,37.7
E01015173,Plymouth 024C,1672,331,347,678,19.8,20.8,40.6
E01015174,Plymouth 024D,1685,349,321,670,20.7,19.1,39.8
E01015175,Plymouth 025C,1731,242,251,493,14.0,14.5,28.5
E01015176,Plymouth 021F,1588,315,251,566,19.8,15.8,35.6
E01015177,Plymouth 025D,1801,261,275,536,14.5,15.3,29.8
E01015178,Plymouth 025E,2109,199,250,449,9.4,11.9,21.3
E01015179,Plymouth 028B,1827,210,209,419,11.5,11.4,22.9
E01015180,Plymouth 028C,1907,252,305,557,13.2,16.0,29.2
E01015181,Plymouth 028D,2323,284,336,620,12.2,14.5,26.7
E01015182,Plymouth 028E,2040,337,316,653,16.5,15.5,32.0
E01032657,Plymouth 027F,1597,206,207,413,12.9,13.0,25.9
E01032658,Plymouth 027G,1847,228,194,422,12.3,10.5,22.8
E01034157,Plymouth 031G,2202,227,243,470,10.3,11.0,21.3
E01034158,Plymouth 031H,1212,299,220,519,24.7,18.2,42.8
E01034159,Plymouth 034B,1306,224,233,457,17.2,17.8,35.0
E01034160,Plymouth 034C,1550,337,351,688,21.7,22.6,44.4
E01034161,Plymouth 034D,1296,272,322,594,21.0,24.8,45.8
E01034162,Plymouth 034E,1095,215,199,414,19.6,18.2,37.8
E01015183,Torbay 017A,1489,457,412,869,30.7,27.7,58.4
E01015184,Torbay 017B,1346,476,375,851,35.4,27.9,63.2
E01015185,Torbay 017C,1445,386,409,795,26.7,28.3,55.0
E01015186,Torbay 017D,1367,325,354,679,23.8,25.9,49.7
E01015187,Torbay 017E,1824,624,525,1149,34.2,28.8,63.0
E01015188,Torbay 017F,1573,482,403,885,30.6,25.6,56.3
E01015189,Torbay 017G,1027,338,299,637,32.9,29.1,62.0
E01015190,Torbay 013A,2212,564,476,1040,25.5,21.5,47.0
E01015191,Torbay 013B,1649,354,334,688,21.5,20.3,41.7
E01015192,Torbay 013C,1635,336,343,679,20.6,21.0,41.5
E01015193,Torbay 013D,1426,344,300,644,24.1,21.0,45.2
E01015194,Torbay 013E,1457,379,311,690,26.0,21.3,47.4
E01015196,Torbay 013G,1924,318,263,581,16.5,13.7,30.2
E01015197,Torbay 016A,1434,466,463,929,32.5,32.3,64.8
E01015198,Torbay 016B,1672,549,473,1022,32.8,28.3,61.1
E01015199,Torbay 016C,1390,482,457,939,34.7,32.9,67.6
E01015200,Torbay 016D,1085,289,241,530,26.6,22.2,48.8
E01015201,Torbay 016E,1324,406,369,775,30.7,27.9,58.5
E01015202,Torbay 012A,1590,336,335,671,21.1,21.1,42.2
E01015203,Torbay 012B,1286,400,339,739,31.1,26.4,57.5
E01015204,Torbay 012C,1757,392,374,766,22.3,21.3,43.6
E01015205,Torbay 012D,1579,404,338,742,25.6,21.4,47.0
E01015206,Torbay 012E,1610,362,353,715,22.5,21.9,44.4
E01015207,Torbay 019E,1665,381,362,743,22.9,21.7,44.6
E01015208,Torbay 019F,2081,661,651,1312,31.8,31.3,63.0
E01015209,Torbay 019A,1587,407,411,818,25.6,25.9,51.5
E01015210,Torbay 019B,1865,366,263,629,19.6,14.1,33.7
E01015211,Torbay 019G,1606,356,346,702,22.2,21.5,43.7
E01015212,Torbay 019C,1587,331,282,613,20.9,17.8,38.6
E01015213,Torbay 019D,1625,277,285,562,17.0,17.5,34.6
E01015214,Torbay 006A,1658,314,300,614,18.9,18.1,37.0
E01015215,Torbay 006B,1565,282,302,584,18.0,19.3,37.3
E01015216,Torbay 006C,1599,347,262,609,21.7,16.4,38.1
E01015217,Torbay 008A,1794,328,404,732,18.3,22.5,40.8
E01015218,Torbay 006D,1600,360,318,678,22.5,19.9,42.4
E01015219,Torbay 015A,1515,439,414,853,29.0,27.3,56.3
E01015220,Torbay 015B,1475,413,404,817,28.0,27.4,55.4
E01015221,Torbay 015C,1610,440,400,840,27.3,24.8,52.2
E01015222,Torbay 015D,1628,511,415,926,31.4,25.5,56.9
E01015223,Torbay 015E,1371,349,331,680,25.5,24.1,49.6
E01015224,Torbay 011A,1683,438,387,825,26.0,23.0,49.0
E01015225,Torbay 011B,1584,375,323,698,23.7,20.4,44.1
E01015226,Torbay 011C,1477,434,371,805,29.4,25.1,54.5
E01015227,Torbay 011D,1622,420,386,806,25.9,23.8,49.7
E01015228,Torbay 011E,1662,439,391,830,26.4,23.5,49.9
E01015229,Torbay 014A,1580,464,414,878,29.4,26.2,55.6
E01015230,Torbay 011F,1463,426,413,839,29.1,28.2,57.3
E01015231,Torbay 014B,1959,366,396,762,18.7,20.2,38.9
E01015232,Torbay 014C,2117,513,547,1060,24.2,25.8,50.1
E01015233,Torbay 014D,1519,375,346,721,24.7,22.8,47.5
E01015234,Torbay 014E,1408,278,297,575,19.7,21.1,40.8
E01015235,Torbay 014F,1894,553,549,1102,29.2,29.0,58.2
E01015236,Torbay 002A,1555,465,439,904,29.9,28.2,58.1
E01015237,Torbay 002B,1459,297,279,576,20.4,19.1,39.5
E01015238,Torbay 002C,1384,370,301,671,26.7,21.7,48.5
E01015239,Torbay 002D,1844,529,494,1023,28.7,26.8,55.5
E01015240,Torbay 005A,1680,538,456,994,32.0,27.1,59.2
E01015241,Torbay 005B,1715,393,313,706,22.9,18.3,41.2
E01015242,Torbay 005C,1454,281,234,515,19.3,16.1,35.4
E01015243,Torbay 005D,1300,391,362,753,30.1,27.8,57.9
E01015244,Torbay 018A,1484,482,427,909,32.5,28.8,61.3
E01015245,Torbay 018B,1275,402,375,777,31.5,29.4,60.9
E01015246,Torbay 018C,1483,391,395,786,26.4,26.6,53.0
E01015247,Torbay 018D,1834,481,431,912,26.2,23.5,49.7
E01015248,Torbay 018E,1516,396,358,754,26.1,23.6,49.7
E01015249,Torbay 003A,1568,349,312,661,22.3,19.9,42.2
E01015250,Torbay 003B,1581,348,315,663,22.0,19.9,41.9
E01015251,Torbay 003C,1288,277,285,562,21.5,22.1,43.6
E01015253,Torbay 003E,2051,396,360,756,19.3,17.6,36.9
E01015254,Torbay 003F,1563,385,381,766,24.6,24.4,49.0
E01015255,Torbay 008B,2035,344,448,792,16.9,22.0,38.9
E01015256,Torbay 008C,2202,353,529,882,16.0,24.0,40.1
E01015257,Torbay 004A,1543,305,273,578,19.8,17.7,37.5
E01015258,Torbay 004B,2289,512,487,999,22.4,21.3,43.6
E01015259,Torbay 004C,1789,308,292,600,17.2,16.3,33.5
E01015260,Torbay 004D,1841,375,418,793,20.4,22.7,43.1
E01015261,Torbay 008D,2423,486,517,1003,20.1,21.3,41.4
E01015262,Torbay 001A,1437,290,266,556,20.2,18.5,38.7
E01015263,Torbay 001B,1678,325,252,577,19.4,15.0,34.4
E01015264,Torbay 001C,1453,426,384,810,29.3,26.4,55.7
E01015265,Torbay 001D,1439,400,376,776,27.8,26.1,53.9
E01015266,Torbay 001E,1623,296,260,556,18.2,16.0,34.3
E01015267,Torbay 010A,1771,461,541,1002,26.0,30.5,56.6
E01015268,Torbay 010B,1811,538,547,1085,29.7,30.2,59.9
E01015269,Torbay 010C,1577,480,460,940,30.4,29.2,59.6
E01015270,Torbay 010D,1786,552,575,1127,30.9,32.2,63.1
E01015271,Torbay 010E,1589,562,528,1090,35.4,33.2,68.6
E01034169,Torbay 003G,1592,264,232,496,16.6,14.6,31.2
E01034170,Torbay 003H,1451,274,262,536,18.9,18.1,36.9
E01034171,Torbay 013H,1232,276,246,522,22.4,20.0,42.4
E01034172,Torbay 013I,2843,337,321,658,11.9,11.3,23.1
E01019887,East Devon 005B,1882,456,375,831,24.2,19.9,44.2
E01019888,East Devon 005C,1924,554,483,1037,28.8,25.1,53.9
E01019889,East Devon 005D,1972,512,484,996,26.0,24.5,50.5
E01019890,East Devon 009A,1951,623,530,1153,31.9,27.2,59.1
E01019891,East Devon 021B,1814,451,421,872,24.9,23.2,48.1
E01019894,East Devon 017A,1509,591,467,1058,39.2,30.9,70.1
E01019895,East Devon 017B,1708,571,492,1063,33.4,28.8,62.2
E01019896,East Devon 017C,1736,666,556,1222,38.4,32.0,70.4
E01019897,East Devon 017D,1618,457,367,824,28.2,22.7,50.9
E01019898,East Devon 014A,3047,782,743,1525,25.7,24.4,50.0
E01019899,East Devon 007A,1562,436,386,822,27.9,24.7,52.6
E01019900,East Devon 007B,2000,730,595,1325,36.5,29.8,66.2
E01019901,East Devon 009B,1504,453,456,909,30.1,30.3,60.4
E01019902,East Devon 001A,2530,734,689,1423,29.0,27.2,56.2
E01019903,East Devon 021A,2369,608,568,1176,25.7,24.0,49.6
E01019904,East Devon 015A,1564,433,351,784,27.7,22.4,50.1
E01019905,East Devon 015B,2092,624,555,1179,29.8,26.5,56.4
E01019906,East Devon 015C,1568,397,372,769,25.3,23.7,49.0
E01019907,East Devon 015D,1586,510,417,927,32.2,26.3,58.4
E01019908,East Devon 016A,1889,393,344,737,20.8,18.2,39.0
E01019909,East Devon 016B,1962,634,563,1197,32.3,28.7,61.0
E01019910,East Devon 016C,1812,508,446,954,28.0,24.6,52.6
E01019911,East Devon 016D,1738,593,495,1088,34.1,28.5,62.6
E01019912,East Devon 020A,1764,602,531,1133,34.1,30.1,64.2
E01019913,East Devon 020B,1834,639,528,1167,34.8,28.8,63.6
E01019914,East Devon 020C,3074,698,598,1296,22.7,19.5,42.2
E01019915,East Devon 020D,2156,647,562,1209,30.0,26.1,56.1
E01019916,East Devon 019A,2325,501,445,946,21.5,19.1,40.7
E01019917,East Devon 019B,1663,402,386,788,24.2,23.2,47.4
E01019918,East Devon 019C,1901,466,522,988,24.5,27.5,52.0
E01019919,East Devon 019D,1863,401,358,759,21.5,19.2,40.7
E01019920,East Devon 018A,1922,474,388,862,24.7,20.2,44.8
E01019921,East Devon 018B,1701,447,356,803,26.3,20.9,47.2
E01019922,East Devon 018C,1641,400,331,731,24.4,20.2,44.5
E01019923,East Devon 018D,1405,381,312,693,27.1,22.2,49.3
E01019924,East Devon 018E,1562,365,286,651,23.4,18.3,41.7
E01019925,East Devon 004A,1412,336,294,630,23.8,20.8,44.6
E01019927,East Devon 002A,1512,372,280,652,24.6,18.5,43.1
E01019928,East Devon 003A,1620,394,353,747,24.3,21.8,46.1
E01019929,East Devon 003B,1515,363,323,686,24.0,21.3,45.3
E01019930,East Devon 003C,1588,431,385,816,27.1,24.2,51.4
E01019931,East Devon 003D,1319,374,367,741,28.4,27.8,56.2
E01019932,East Devon 002B,2174,526,425,951,24.2,19.5,43.7
E01019933,East Devon 002C,1447,367,333,700,25.4,23.0,48.4
E01019934,East Devon 002D,1963,608,532,1140,31.0,27.1,58.1
E01019935,East Devon 007C,1487,453,413,866,30.5,27.8,58.2
E01019936,East Devon 007D,1289,404,333,737,31.3,25.8,57.2
E01019937,East Devon 013A,2500,718,657,1375,28.7,26.3,55.0
E01019938,East Devon 001B,2589,728,736,1464,28.1,28.4,56.5
E01019939,East Devon 008A,1842,529,492,1021,28.7,26.7,55.4
E01019940,East Devon 008B,1848,591,553,1144,32.0,29.9,61.9
E01019942,East Devon 008C,2691,662,563,1225,24.6,20.9,45.5
E01019943,East Devon 008D,1944,478,434,912,24.6,22.3,46.9
E01019944,East Devon 008E,1937,480,376,856,24.8,19.4,44.2
E01019945,East Devon 013B,2403,656,610,1266,27.3,25.4,52.7
E01019946,East Devon 010A,1448,545,432,977,37.6,29.8,67.5
E01019947,East Devon 010B,2483,699,574,1273,28.2,23.1,51.3
E01019948,East Devon 010C,1344,464,420,884,34.5,31.2,65.8
E01019949,East Devon 010D,1698,534,448,982,31.4,26.4,57.8
E01019950,East Devon 010E,1394,456,355,811,32.7,25.5,58.2
E01019951,East Devon 009C,2233,813,702,1515,36.4,31.4,67.8
E01019952,East Devon 011A,1921,616,508,1124,32.1,26.4,58.5
E01019953,East Devon 011B,1667,598,506,1104,35.9,30.4,66.2
E01019954,East Devon 011C,2222,581,456,1037,26.1,20.5,46.7
E01019955,East Devon 011D,1737,543,456,999,31.3,26.3,57.5
E01019956,East Devon 012A,1998,617,498,1115,30.9,24.9,55.8
E01019957,East Devon 012B,1824,705,559,1264,38.7,30.6,69.3
E01019958,East Devon 012C,2003,663,578,1241,33.1,28.9,62.0
E01019959,East Devon 004D,1330,372,353,725,28.0,26.5,54.5
E01019960,East Devon 004E,1530,422,417,839,27.6,27.3,54.8
E01019961,East Devon 007E,2794,914,901,1815,32.7,32.2,65.0
E01019962,East Devon 004F,2523,720,683,1403,28.5,27.1,55.6
E01019963,East Devon 013C,1880,541,483,1024,28.8,25.7,54.5
E01019964,East Devon 014B,2329,320,332,652,13.7,14.3,28.0
E01019965,East Devon 014C,1982,521,449,970,26.3,22.7,48.9
E01019966,East Devon 005E,1148,382,330,712,33.3,28.7,62.0
E01019967,East Devon 001C,1441,446,418,864,31.0,29.0,60.0
E01032628,East Devon 004G,3104,802,690,1492,25.8,22.2,48.1
E01034618,East Devon 005F,1915,452,368,820,23.6,19.2,42.8
E01034619,East Devon 005G,2144,500,471,971,23.3,22.0,45.3
E01034620,East Devon 021C,1961,438,444,882,22.3,22.6,45.0
E01034621,East Devon 021D,2313,283,263,546,12.2,11.4,23.6
E01034622,East Devon 021E,3603,286,309,595,7.9,8.6,16.5
E01034623,East Devon 021F,2788,496,472,968,17.8,16.9,34.7
E01034624,East Devon 022A,3574,223,153,376,6.2,4.3,10.5
E01034625,East Devon 022B,1857,127,101,228,6.8,5.4,12.3
E01034626,East Devon 022C,1558,150,145,295,9.6,9.3,18.9
E01034627,East Devon 022D,1373,128,114,242,9.3,8.3,17.6
E01019968,Exeter 014A,1537,381,348,729,24.8,22.6,47.4
E01019969,Exeter 014B,1358,315,293,608,23.2,21.6,44.8
E01019970,Exeter 014C,1381,315,276,591,22.8,20.0,42.8
E01019971,Exeter 014D,1619,269,260,529,16.6,16.1,32.7
E01019972,Exeter 014E,1536,269,272,541,17.5,17.7,35.2
E01019973,Exeter 012A,1576,358,335,693,22.7,21.3,44.0
E01019974,Exeter 012B,1416,304,278,582,21.5,19.6,41.1
E01019975,Exeter 010A,1382,240,220,460,17.4,15.9,33.3
E01019976,Exeter 012C,1544,380,319,699,24.6,20.7,45.3
E01019977,Exeter 012D,1496,308,300,608,20.6,20.1,40.6
E01019980,Exeter 005A,1823,221,243,464,12.1,13.3,25.5
E01019981,Exeter 012E,1495,272,277,549,18.2,18.5,36.7
E01019982,Exeter 005B,1678,241,258,499,14.4,15.4,29.7
E01019983,Exeter 005C,1526,384,302,686,25.2,19.8,45.0
E01019984,Exeter 005D,1417,260,327,587,18.3,23.1,41.4
E01019985,Exeter 005E,1410,266,217,483,18.9,15.4,34.3
E01019986,Exeter 007A,1518,279,262,541,18.4,17.3,35.6
E01019987,Exeter 006A,2061,220,226,446,10.7,11.0,21.6
E01019988,Exeter 013A,1535,295,246,541,19.2,16.0,35.2
E01019989,Exeter 006B,1255,199,175,374,15.9,13.9,29.8
E01019990,Exeter 002A,1583,263,217,480,16.6,13.7,30.3
E01019991,Exeter 002B,1612,268,214,482,16.6,13.3,29.9
E01019992,Exeter 003A,1717,324,314,638,18.9,18.3,37.2
E01019993,Exeter 002C,1225,285,248,533,23.3,20.2,43.5
E01019994,Exeter 008A,1771,186,154,340,10.5,8.7,19.2
E01019995,Exeter 008B,3267,269,240,509,8.2,7.3,15.6
E01019996,Exeter 009A,1270,195,174,369,15.4,13.7,29.1
E01019997,Exeter 004A,1603,133,122,255,8.3,7.6,15.9
E01019998,Exeter 001C,1493,315,251,566,21.1,16.8,37.9
E01019999,Exeter 001D,1386,245,242,487,17.7,17.5,35.1
E01020000,Exeter 002D,1431,268,228,496,18.7,15.9,34.7
E01020001,Exeter 001E,1365,327,289,616,24.0,21.2,45.1
E01020002,Exeter 003B,2836,434,370,804,15.3,13.0,28.3
E01020003,Exeter 003C,2110,430,378,808,20.4,17.9,38.3
E01020004,Exeter 003D,3482,482,441,923,13.8,12.7,26.5
E01020005,Exeter 003E,2376,412,365,777,17.3,15.4,32.7
E01020006,Exeter 006C,2401,314,298,612,13.1,12.4,25.5
E01020007,Exeter 002E,1753,82,110,192,4.7,6.3,11.0
E01020008,Exeter 006D,2039,124,97,221,6.1,4.8,10.8
E01020009,Exeter 006E,1467,239,204,443,16.3,13.9,30.2
E01020010,Exeter 013B,2082,388,346,734,18.6,16.6,35.3
E01020011,Exeter 015A,1491,378,352,730,25.4,23.6,49.0
E01020012,Exeter 015B,1822,319,311,630,17.5,17.1,34.6
E01020013,Exeter 013C,1549,264,231,495,17.0,14.9,32.0
E01020014,Exeter 013D,1569,289,298,587,18.4,19.0,37.4
E01020015,Exeter 013E,2206,407,340,747,18.4,15.4,33.9
E01020017,Exeter 008D,3070,221,228,449,7.2,7.4,14.6
E01020018,Exeter 008E,2396,328,264,592,13.7,11.0,24.7
E01020019,Exeter 004B,1965,166,137,303,8.4,7.0,15.4
E01020020,Exeter 004C,2211,156,155,311,7.1,7.0,14.1
E01020021,Exeter 004D,1661,207,160,367,12.5,9.6,22.1
E01020022,Exeter 004E,2266,139,173,312,6.1,7.6,13.8
E01020023,Exeter 009B,2356,475,475,950,20.2,20.2,40.3
E01020024,Exeter 009C,1629,316,341,657,19.4,20.9,40.3
E01020025,Exeter 009D,1566,246,217,463,15.7,13.9,29.6
E01020026,Exeter 011A,1736,424,326,750,24.4,18.8,43.2
E01020027,Exeter 011B,1714,349,398,747,20.4,23.2,43.6
E01020029,Exeter 010B,1714,297,247,544,17.3,14.4,31.7
E01020030,Exeter 010C,2037,317,334,651,15.6,16.4,32.0
E01020031,Exeter 010D,1660,296,249,545,17.8,15.0,32.8
E01020032,Exeter 010E,1578,308,283,591,19.5,17.9,37.5
E01020036,Exeter 007B,1499,327,309,636,21.8,20.6,42.4
E01020037,Exeter 007C,1545,262,245,507,17.0,15.9,32.8
E01020038,Exeter 011E,3056,469,415,884,15.3,13.6,28.9
E01020039,Exeter 007D,2008,378,334,712,18.8,16.6,35.5
E01020040,Exeter 007E,1341,312,276,588,23.3,20.6,43.8
E01033232,Exeter 011F,1550,198,217,415,12.8,14.0,26.8
E01033234,Exeter 011G,2164,407,410,817,18.8,18.9,37.8
E01033235,Exeter 015E,1300,387,264,651,29.8,20.3,50.1
E01033236,Exeter 015F,1074,341,252,593,31.8,23.5,55.2
E01034628,Exeter 001G,4624,328,275,603,7.1,5.9,13.0
E01034629,Exeter 001H,3979,253,223,476,6.4,5.6,12.0
E01034630,Exeter 008F,1473,136,200,336,9.2,13.6,22.8
E01034631,Exeter 008G,1788,162,140,302,9.1,7.8,16.9
E01034632,Exeter 011H,1205,317,246,563,26.3,20.4,46.7
E01034633,Exeter 011I,2319,309,310,619,13.3,13.4,26.7
E01034634,Exeter 015G,2476,400,317,717,16.2,12.8,29.0
E01034635,Exeter 015H,1472,418,289,707,28.4,19.6,48.0
E01020041,Mid Devon 011A,2997,543,470,1013,18.1,15.7,33.8
E01020042,Mid Devon 011B,1893,441,391,832,23.3,20.7,44.0
E01020043,Mid Devon 008A,2132,480,440,920,22.5,20.6,43.2
E01020044,Mid Devon 008B,1831,489,521,1010,26.7,28.5,55.2
E01020045,Mid Devon 006A,1893,504,423,927,26.6,22.3,49.0
E01020046,Mid Devon 001A,1668,442,453,895,26.5,27.2,53.7
E01020047,Mid Devon 002A,2213,603,552,1155,27.2,24.9,52.2
E01020048,Mid Devon 005A,2403,440,510,950,18.3,21.2,39.5
E01020049,Mid Devon 001B,1512,416,415,831,27.5,27.4,55.0
E01020050,Mid Devon 001C,2278,698,641,1339,30.6,28.1,58.8
E01020051,Mid Devon 002B,1791,616,528,1144,34.4,29.5,63.9
E01020052,Mid Devon 004A,2023,475,467,942,23.5,23.1,46.6
E01020053,Mid Devon 004B,1529,335,284,619,21.9,18.6,40.5
E01020054,Mid Devon 007A,2743,557,510,1067,20.3,18.6,38.9
E01020055,Mid Devon 007B,2086,461,416,877,22.1,19.9,42.0
E01020056,Mid Devon 008C,3384,686,663,1349,20.3,19.6,39.9
E01020057,Mid Devon 007C,2545,447,429,876,17.6,16.9,34.4
E01020058,Mid Devon 007D,2170,530,496,1026,24.4,22.9,47.3
E01020059,Mid Devon 006B,2647,629,569,1198,23.8,21.5,45.3
E01020060,Mid Devon 011C,1752,441,377,818,25.2,21.5,46.7
E01020061,Mid Devon 011D,2190,562,504,1066,25.7,23.0,48.7
E01020062,Mid Devon 006C,1743,429,414,843,24.6,23.8,48.4
E01020063,Mid Devon 003A,2591,679,585,1264,26.2,22.6,48.8
E01020064,Mid Devon 006D,2099,428,395,823,20.4,18.8,39.2
E01020065,Mid Devon 004C,2243,408,380,788,18.2,16.9,35.1
E01020067,Mid Devon 004D,1922,378,308,686,19.7,16.0,35.7
E01020068,Mid Devon 010A,1749,464,424,888,26.5,24.2,50.8
E01020069,Mid Devon 010B,1608,474,452,926,29.5,28.1,57.6
E01020070,Mid Devon 010C,1989,559,570,1129,28.1,28.7,56.8
E01020071,Mid Devon 008D,2005,547,459,1006,27.3,22.9,50.2
E01020072,Mid Devon 009A,1800,510,513,1023,28.3,28.5,56.8
E01020073,Mid Devon 009B,1881,540,521,1061,28.7,27.7,56.4
E01020074,Mid Devon 003B,2591,676,683,1359,26.1,26.4,52.5
E01020075,Mid Devon 003C,2212,548,524,1072,24.8,23.7,48.5
E01020076,Mid Devon 009C,1960,491,472,963,25.1,24.1,49.1
E01020077,Mid Devon 001D,1963,512,454,966,26.1,23.1,49.2
E01020078,Mid Devon 005B,1427,295,243,538,20.7,17.0,37.7
E01020079,Mid Devon 005C,1412,300,285,585,21.2,20.2,41.4
E01020080,Mid Devon 002D,2173,442,428,870,20.3,19.7,40.0
E01020081,Mid Devon 005D,1440,375,303,678,26.0,21.0,47.1
E01020082,Mid Devon 009D,1446,396,412,808,27.4,28.5,55.9
E01020083,Mid Devon 010D,2802,607,649,1256,21.7,23.2,44.8
E01034636,Mid Devon 002E,2043,431,399,830,21.1,19.5,40.6
E01034637,Mid Devon 002F,1581,293,258,551,18.5,16.3,34.9
E01020084,North Devon 012A,1510,406,379,785,26.9,25.1,52.0
E01020085,North Devon 012B,1583,393,336,729,24.8,21.2,46.1
E01020087,North Devon 014A,2303,697,670,1367,30.3,29.1,59.4
E01020088,North Devon 006A,2236,671,598,1269,30.0,26.7,56.8
E01020089,North Devon 005A,2315,544,509,1053,23.5,22.0,45.5
E01020090,North Devon 004A,2065,525,497,1022,25.4,24.1,49.5
E01020091,North Devon 005B,1333,382,308,690,28.7,23.1,51.8
E01020092,North Devon 005C,1376,425,373,798,30.9,27.1,58.0
E01020093,North Devon 005D,1493,356,323,679,23.8,21.6,45.5
E01020094,North Devon 008A,2032,398,422,820,19.6,20.8,40.4
E01020095,North Devon 008B,1585,291,294,585,18.4,18.5,36.9
E01020096,North Devon 009A,1850,372,352,724,20.1,19.0,39.1
E01020097,North Devon 013A,2546,746,729,1475,29.3,28.6,57.9
E01020098,North Devon 014B,2553,776,724,1500,30.4,28.4,58.8
E01020099,North Devon 002A,1476,500,470,970,33.9,31.8,65.7
E01020100,North Devon 002B,1223,379,309,688,31.0,25.3,56.3
E01020101,North Devon 002C,1451,409,400,809,28.2,27.6,55.8
E01020102,North Devon 010A,1658,430,372,802,25.9,22.4,48.4
E01020103,North Devon 010B,1608,289,263,552,18.0,16.4,34.3
E01020104,North Devon 010C,1508,237,216,453,15.7,14.3,30.0
E01020105,North Devon 011A,2554,591,547,1138,23.1,21.4,44.6
E01020106,North Devon 011B,1520,473,414,887,31.1,27.2,58.4
E01020107,North Devon 011C,1688,537,479,1016,31.8,28.4,60.2
E01020108,North Devon 004B,2134,614,572,1186,28.8,26.8,55.6
E01020109,North Devon 004C,1435,381,368,749,26.6,25.6,52.2
E01020110,North Devon 005E,3553,484,413,897,13.6,11.6,25.2
E01020111,North Devon 001A,1410,345,294,639,24.5,20.9,45.3
E01020112,North Devon 001B,1581,387,380,767,24.5,24.0,48.5
E01020113,North Devon 003A,1503,375,329,704,25.0,21.9,46.8
E01020114,North Devon 001C,1177,302,297,599,25.7,25.2,50.9
E01020115,North Devon 001D,1173,309,321,630,26.3,27.4,53.7
E01020116,North Devon 003B,1727,407,396,803,23.6,22.9,46.5
E01020117,North Devon 003C,1797,504,483,987,28.0,26.9,54.9
E01020118,North Devon 003D,1412,307,263,570,21.7,18.6,40.4
E01020119,North Devon 011D,1588,517,493,1010,32.6,31.0,63.6
E01020120,North Devon 006B,2416,614,550,1164,25.4,22.8,48.2
E01020121,North Devon 012D,2043,524,507,1031,25.6,24.8,50.5
E01020122,North Devon 012E,3081,651,570,1221,21.1,18.5,39.6
E01020123,North Devon 009B,1568,424,374,798,27.0,23.9,50.9
E01020124,North Devon 009C,1569,388,424,812,24.7,27.0,51.8
E01020125,North Devon 009D,1395,450,407,857,32.3,29.2,61.4
E01020126,North Devon 002D,1728,547,542,1089,31.7,31.4,63.0
E01020127,North Devon 006C,2517,642,614,1256,25.5,24.4,49.9
E01020128,North Devon 010D,1614,445,409,854,27.6,25.3,52.9
E01020129,North Devon 010E,1247,281,264,545,22.5,21.2,43.7
E01020130,North Devon 010F,1593,280,255,535,17.6,16.0,33.6
E01020131,North Devon 013B,2493,627,633,1260,25.2,25.4,50.5
E01020132,North Devon 007A,1775,468,415,883,26.4,23.4,49.7
E01020133,North Devon 007B,1726,382,339,721,22.1,19.6,41.8
E01020134,North Devon 007C,1171,278,226,504,23.7,19.3,43.0
E01020135,North Devon 013C,1812,444,379,823,24.5,20.9,45.4
E01020136,North Devon 013D,2953,665,614,1279,22.5,20.8,43.3
E01020137,North Devon 013E,2088,482,428,910,23.1,20.5,43.6
E01020138,North Devon 014C,2772,760,721,1481,27.4,26.0,53.4
E01020139,North Devon 007D,1542,327,303,630,21.2,19.6,40.9
E01020140,North Devon 008C,1376,373,312,685,27.1,22.7,49.8
E01020141,North Devon 008D,1926,329,301,630,17.1,15.6,32.7
E01034638,North Devon 012F,2115,380,339,719,18.0,16.0,34.0
E01034639,North Devon 012G,1583,303,266,569,19.1,16.8,35.9
E01020142,South Hams 006A,3395,874,800,1674,25.7,23.6,49.3
E01020143,South Hams 006B,2776,811,734,1545,29.2,26.4,55.7
E01020144,South Hams 001A,1643,381,395,776,23.2,24.0,47.2
E01020145,South Hams 001B,2240,586,568,1154,26.2,25.4,51.5
E01020146,South Hams 001C,1507,335,309,644,22.2,20.5,42.7
E01020147,South Hams 008A,2523,824,757,1581,32.7,30.0,62.7
E01020148,South Hams 002A,1166,347,343,690,29.8,29.4,59.2
E01020149,South Hams 001D,1646,422,394,816,25.6,23.9,49.6
E01020150,South Hams 006C,2509,744,564,1308,29.7,22.5,52.1
E01020151,South Hams 007A,1561,599,559,1158,38.4,35.8,74.2
E01020152,South Hams 007B,1393,492,486,978,35.3,34.9,70.2
E01020153,South Hams 004A,1163,462,439,901,39.7,37.7,77.5
E01020154,South Hams 007C,1650,308,269,577,18.7,16.3,35.0
E01020155,South Hams 007D,1223,257,230,487,21.0,18.8,39.8
E01020156,South Hams 004B,2413,709,637,1346,29.4,26.4,55.8
E01020157,South Hams 002B,2769,774,755,1529,28.0,27.3,55.2
E01020158,South Hams 008B,2450,706,663,1369,28.8,27.1,55.9
E01020159,South Hams 008C,1701,471,406,877,27.7,23.9,51.6
E01020160,South Hams 002C,3586,772,706,1478,21.5,19.7,41.2
E01020161,South Hams 005A,2595,675,584,1259,26.0,22.5,48.5
E01020162,South Hams 005B,1721,448,340,788,26.0,19.8,45.8
E01020163,South Hams 005C,1904,508,431,939,26.7,22.6,49.3
E01020164,South Hams 005D,1610,431,360,791,26.8,22.4,49.1
E01020165,South Hams 005E,1598,389,342,731,24.3,21.4,45.7
E01020166,South Hams 005F,1579,420,349,769,26.6,22.1,48.7
E01020167,South Hams 005G,2091,396,380,776,18.9,18.2,37.1
E01020168,South Hams 010A,2392,730,638,1368,30.5,26.7,57.2
E01020169,South Hams 010B,2799,714,670,1384,25.5,23.9,49.4
E01020170,South Hams 004C,2522,768,695,1463,30.5,27.6,58.0
E01020171,South Hams 009A,2022,641,594,1235,31.7,29.4,61.1
E01020172,South Hams 012A,2404,740,675,1415,30.8,28.1,58.9
E01020173,South Hams 012B,1363,514,443,957,37.7,32.5,70.2
E01020174,South Hams 011A,1830,594,558,1152,32.5,30.5,63.0
E01020175,South Hams 011B,2932,1009,914,1923,34.4,31.2,65.6
E01020176,South Hams 002D,1238,396,351,747,32.0,28.4,60.3
E01020177,South Hams 002E,1741,474,404,878,27.2,23.2,50.4
E01020178,South Hams 011C,2355,803,748,1551,34.1,31.8,65.9
E01020179,South Hams 012C,2277,777,702,1479,34.1,30.8,65.0
E01020180,South Hams 003A,2661,681,588,1269,25.6,22.1,47.7
E01020181,South Hams 003B,2096,585,474,1059,27.9,22.6,50.5
E01020182,South Hams 003C,1724,417,351,768,24.2,20.4,44.5
E01020183,South Hams 003D,1613,485,401,886,30.1,24.9,54.9
E01020184,South Hams 003E,1943,643,503,1146,33.1,25.9,59.0
E01020185,South Hams 009B,1647,494,413,907,30.0,25.1,55.1
E01020186,South Hams 009C,1604,559,535,1094,34.9,33.4,68.2
E01020187,South Hams 009D,4169,712,694,1406,17.1,16.6,33.7
E01020188,South Hams 004D,2367,740,702,1442,31.3,29.7,60.9
E01020189,South Hams 010C,2481,752,637,1389,30.3,25.7,56.0
E01020190,South Hams 008D,2647,683,643,1326,25.8,24.3,50.1
E01020191,Teignbridge 013A,2017,364,542,906,18.0,26.9,44.9
E01020192,Teignbridge 019A,1541,506,416,922,32.8,27.0,59.8
E01020193,Teignbridge 019B,1757,488,423,911,27.8,24.1,51.8
E01020194,Teignbridge 013B,1573,397,364,761,25.2,23.1,48.4
E01020195,Teignbridge 017A,2055,544,481,1025,26.5,23.4,49.9
E01020196,Teignbridge 017B,1882,483,434,917,25.7,23.1,48.7
E01020197,Teignbridge 017C,1457,446,379,825,30.6,26.0,56.6
E01020198,Teignbridge 017D,1531,387,359,746,25.3,23.4,48.7
E01020199,Teignbridge 017E,1776,434,406,840,24.4,22.9,47.3
E01020200,Teignbridge 011A,1154,392,315,707,34.0,27.3,61.3
E01020201,Teignbridge 011B,1590,567,481,1048,35.7,30.3,65.9
E01020202,Teignbridge 007A,2617,669,644,1313,25.6,24.6,50.2
E01020203,Teignbridge 004A,1817,589,524,1113,32.4,28.8,61.3
E01020204,Teignbridge 007B,1572,328,284,612,20.9,18.1,38.9
E01020205,Teignbridge 003A,1667,543,467,1010,32.6,28.0,60.6
E01020206,Teignbridge 004B,1743,443,417,860,25.4,23.9,49.3
E01020208,Teignbridge 012A,1484,328,256,584,22.1,17.3,39.4
E01020209,Teignbridge 012B,1667,391,269,660,23.5,16.1,39.6
E01020210,Teignbridge 012C,1760,451,403,854,25.6,22.9,48.5
E01020211,Teignbridge 014A,1712,341,292,633,19.9,17.1,37.0
E01020212,Teignbridge 016A,1361,246,262,508,18.1,19.3,37.3
E01020213,Teignbridge 016B,1542,401,365,766,26.0,23.7,49.7
E01020214,Teignbridge 016C,1666,483,407,890,29.0,24.4,53.4
E01020215,Teignbridge 016D,1420,438,417,855,30.8,29.4,60.2
E01020216,Teignbridge 015A,1706,384,350,734,22.5,20.5,43.0
E01020217,Teignbridge 014B,1871,413,393,806,22.1,21.0,43.1
E01020218,Teignbridge 014C,1731,367,319,686,21.2,18.4,39.6
E01020219,Teignbridge 012D,2392,503,523,1026,21.0,21.9,42.9
E01020220,Teignbridge 004C,2274,460,403,863,20.2,17.7,38.0
E01020221,Teignbridge 004D,2070,490,490,980,23.7,23.7,47.3
E01020222,Teignbridge 004E,1301,353,306,659,27.1,23.5,50.7
E01020223,Teignbridge 004F,1876,472,469,941,25.2,25.0,50.2
E01020224,Teignbridge 014D,1328,225,244,469,16.9,18.4,35.3
E01020225,Teignbridge 015B,1345,298,273,571,22.2,20.3,42.5
E01020226,Teignbridge 015C,1675,426,392,818,25.4,23.4,48.8
E01020227,Teignbridge 015D,1563,402,343,745,25.7,21.9,47.7
E01020228,Teignbridge 006A,1854,561,560,1121,30.3,30.2,60.5
E01020230,Teignbridge 005B,1946,587,491,1078,30.2,25.2,55.4
E01020231,Teignbridge 005C,1661,526,412,938,31.7,24.8,56.5
E01020232,Teignbridge 005D,1945,505,409,914,26.0,21.0,47.0
E01020233,Teignbridge 006B,1970,692,628,1320,35.1,31.9,67.0
E01020234,Teignbridge 006C,1463,362,303,665,24.7,20.7,45.5
E01020235,Teignbridge 006D,1863,536,518,1054,28.8,27.8,56.6
E01020236,Teignbridge 007C,1345,437,393,830,32.5,29.2,61.7
E01020237,Teignbridge 007D,1821,520,440,960,28.6,24.2,52.7
E01020238,Teignbridge 019C,1263,374,308,682,29.6,24.4,54.0
E01020239,Teignbridge 019D,1408,413,360,773,29.3,25.6,54.9
E01020240,Teignbridge 002A,2041,464,428,892,22.7,21.0,43.7
E01020241,Teignbridge 002B,2628,549,507,1056,20.9,19.3,40.2
E01020242,Teignbridge 002C,2166,431,386,817,19.9,17.8,37.7
E01020243,Teignbridge 001A,1303,358,353,711,27.5,27.1,54.6
E01020244,Teignbridge 002D,1475,378,339,717,25.6,23.0,48.6
E01020245,Teignbridge 002E,1713,527,487,1014,30.8,28.4,59.2
E01020246,Teignbridge 018A,1450,376,347,723,25.9,23.9,49.9
E01020247,Teignbridge 018B,1774,432,370,802,24.4,20.9,45.2
E01020248,Teignbridge 018C,1912,550,517,1067,28.8,27.0,55.8
E01020249,Teignbridge 018D,1545,475,435,910,30.7,28.2,58.9
E01020250,Teignbridge 009A,1617,447,396,843,27.6,24.5,52.1
E01020251,Teignbridge 011C,1596,400,370,770,25.1,23.2,48.2
E01020252,Teignbridge 009B,2683,534,441,975,19.9,16.4,36.3
E01020253,Teignbridge 009C,1509,371,315,686,24.6,20.9,45.5
E01020254,Teignbridge 009D,1528,336,329,665,22.0,21.5,43.5
E01020255,Teignbridge 009E,1488,419,351,770,28.2,23.6,51.7
E01020256,Teignbridge 013D,2236,482,398,880,21.6,17.8,39.4
E01020257,Teignbridge 009F,1374,369,298,667,26.9,21.7,48.5
E01020258,Teignbridge 003B,1909,536,525,1061,28.1,27.5,55.6
E01020259,Teignbridge 003C,1345,405,412,817,30.1,30.6,60.7
E01020260,Teignbridge 011D,1285,426,371,797,33.2,28.9,62.0
E01020261,Teignbridge 011E,1337,399,351,750,29.8,26.3,56.1
E01020262,Teignbridge 001B,1532,430,454,884,28.1,29.6,57.7
E01020263,Teignbridge 001C,1720,530,483,1013,30.8,28.1,58.9
E01020264,Teignbridge 010A,1623,420,378,798,25.9,23.3,49.2
E01020265,Teignbridge 008A,2023,541,526,1067,26.7,26.0,52.7
E01020266,Teignbridge 008B,1778,538,486,1024,30.3,27.3,57.6
E01020267,Teignbridge 008C,1506,483,463,946,32.1,30.7,62.8
E01020268,Teignbridge 008D,1911,636,533,1169,33.3,27.9,61.2
E01020269,Teignbridge 010B,1876,598,503,1101,31.9,26.8,58.7
E01020270,Teignbridge 008E,1799,467,384,851,26.0,21.3,47.3
E01020271,Teignbridge 010C,1637,402,364,766,24.6,22.2,46.8
E01020272,Teignbridge 010D,1937,377,326,703,19.5,16.8,36.3
E01020273,Teignbridge 003D,1655,446,456,902,26.9,27.6,54.5
E01020274,Teignbridge 001D,1458,389,404,793,26.7,27.7,54.4
E01034165,Teignbridge 005E,1598,525,492,1017,32.9,30.8,63.6
E01034166,Teignbridge 005F,2359,479,437,916,20.3,18.5,38.8
E01034167,Teignbridge 013E,2004,435,416,851,21.7,20.8,42.5
E01034168,Teignbridge 013F,2133,191,189,380,9.0,8.9,17.8
E01020275,Torridge 001A,1302,391,335,726,30.0,25.7,55.8
E01020276,Torridge 001B,1676,541,467,1008,32.3,27.9,60.1
E01020277,Torridge 004A,2260,511,469,980,22.6,20.8,43.4
E01020278,Torridge 004B,1766,460,469,929,26.0,26.6,52.6
E01020279,Torridge 004C,3064,607,559,1166,19.8,18.2,38.1
E01020280,Torridge 003A,2359,486,525,1011,20.6,22.3,42.9
E01020281,Torridge 003B,2087,614,524,1138,29.4,25.1,54.5
E01020282,Torridge 003C,1672,449,424,873,26.9,25.4,52.2
E01020283,Torridge 004D,2706,638,553,1191,23.6,20.4,44.0
E01020284,Torridge 004E,2264,477,435,912,21.1,19.2,40.3
E01020285,Torridge 004F,2135,406,420,826,19.0,19.7,38.7
E01020286,Torridge 009A,2070,590,563,1153,28.5,27.2,55.7
E01020287,Torridge 007A,1638,536,488,1024,32.7,29.8,62.5
E01020288,Torridge 005A,1811,495,463,958,27.3,25.6,52.9
E01020289,Torridge 009B,1685,566,540,1106,33.6,32.0,65.6
E01020290,Torridge 009C,1904,571,546,1117,30.0,28.7,58.7
E01020291,Torridge 008A,1797,490,503,993,27.3,28.0,55.3
E01020292,Torridge 005B,1754,509,462,971,29.0,26.3,55.4
E01020293,Torridge 008B,2765,696,668,1364,25.2,24.2,49.3
E01020294,Torridge 008C,2567,593,507,1100,23.1,19.8,42.9
E01020295,Torridge 005C,1972,547,550,1097,27.7,27.9,55.6
E01020296,Torridge 005D,1544,522,476,998,33.8,30.8,64.6
E01020297,Torridge 001C,1564,470,377,847,30.1,24.1,54.2
E01020298,Torridge 002A,2300,739,643,1382,32.1,28.0,60.1
E01020299,Torridge 001D,1983,675,584,1259,34.0,29.5,63.5
E01020300,Torridge 002B,1950,570,472,1042,29.2,24.2,53.4
E01020301,Torridge 009D,2266,642,650,1292,28.3,28.7,57.0
E01020302,Torridge 008D,2067,639,599,1238,30.9,29.0,59.9
E01020303,Torridge 007B,1821,571,535,1106,31.4,29.4,60.7
E01020304,Torridge 006A,1842,419,393,812,22.7,21.3,44.1
E01020305,Torridge 006B,1155,277,253,530,24.0,21.9,45.9
E01020306,Torridge 006C,1451,342,320,662,23.6,22.1,45.6
E01020307,Torridge 006D,1828,416,368,784,22.8,20.1,42.9
E01020308,Torridge 007C,2070,590,573,1163,28.5,27.7,56.2
E01020309,Torridge 008E,2058,606,591,1197,29.4,28.7,58.2
E01020311,Torridge 007D,2472,759,676,1435,30.7,27.3,58.1
E01034640,Torridge 002D,1163,347,374,721,29.8,32.2,62.0
E01034641,Torridge 002E,1650,443,412,855,26.8,25.0,51.8
E01020312,West Devon 007A,1768,592,556,1148,33.5,31.4,64.9
E01020313,West Devon 007B,1575,436,373,809,27.7,23.7,51.4
E01020314,West Devon 004A,1813,556,503,1059,30.7,27.7,58.4
E01020315,West Devon 007C,1754,511,418,929,29.1,23.8,53.0
E01020316,West Devon 007D,2101,645,579,1224,30.7,27.6,58.3
E01020317,West Devon 006A,1577,561,488,1049,35.6,30.9,66.5
E01020318,West Devon 003A,1659,536,482,1018,32.3,29.1,61.4
E01020319,West Devon 003B,1872,575,559,1134,30.7,29.9,60.6
E01020320,West Devon 001A,2030,612,590,1202,30.1,29.1,59.2
E01020321,West Devon 001B,2714,706,663,1369,26.0,24.4,50.4
E01020323,West Devon 003C,1510,432,397,829,28.6,26.3,54.9
E01020324,West Devon 006B,1747,583,535,1118,33.4,30.6,64.0
E01020325,West Devon 004B,1894,549,491,1040,29.0,25.9,54.9
E01020326,West Devon 001D,2651,607,624,1231,22.9,23.5,46.4
E01020327,West Devon 002A,1953,507,442,949,26.0,22.6,48.6
E01020328,West Devon 002B,2612,489,485,974,18.7,18.6,37.3
E01020329,West Devon 002C,1788,494,465,959,27.6,26.0,53.6
E01020330,West Devon 002D,2071,517,497,1014,25.0,24.0,49.0
E01020331,West Devon 004C,1842,563,530,1093,30.6,28.8,59.3
E01020332,West Devon 005A,1956,547,479,1026,28.0,24.5,52.5
E01020333,West Devon 005B,2724,717,645,1362,26.3,23.7,50.0
E01020334,West Devon 005C,2475,644,506,1150,26.0,20.4,46.5
E01020335,West Devon 005D,1675,523,463,986,31.2,27.6,58.9
E01020336,West Devon 005E,1466,524,434,958,35.7,29.6,65.3
E01020337,West Devon 005F,1597,338,307,645,21.2,19.2,40.4
E01020338,West Devon 005G,2612,691,564,1255,26.5,21.6,48.0
E01020339,West Devon 003D,1772,526,466,992,29.7,26.3,56.0
E01020340,West Devon 004D,1997,534,527,1061,26.7,26.4,53.1
E01020341,West Devon 006C,1782,585,511,1096,32.8,28.7,61.5
E01020342,West Devon 006D,1676,441,405,846,26.3,24.2,50.5
E01034642,West Devon 001E,1707,472,433,905,27.7,25.4,53.0
E01034643,West Devon 001F,2609,380,384,764,14.6,14.7,29.3
